{
	"format_version": "1.8.0",
	"animations": {
		"animation.evolution.evolution": {
			"animation_length": 18.45833,
			"bones": {
				"root_part": {
					"rotation": {
						"5.0": [0, 0, 0.01],
						"5.0417": [0, 1.69062, 0],
						"5.0833": [0, 6.2568, 0],
						"5.125": [0, 13.45169, 0],
						"5.1667": [0, 22.98049, 0],
						"5.2083": [0, 34.54587, 0],
						"5.25": [0, 47.95457, 0],
						"5.2917": [0, 63.03739, 0],
						"5.3333": [0, 79.64558, 0],
						"5.375": [0, 97.64781, 0],
						"5.4167": [0, 116.92776, 0],
						"5.4583": [0, 137.38204, 0],
						"5.5": [0, 158.91842, 0],
						"5.5417": [0, 181.45442, 0],
						"5.5833": [0, 204.92016, 0],
						"5.625": [0, 229.29923, 0],
						"5.6667": [0, 254.4783, 0],
						"5.7083": [0, 280.40222, 0],
						"5.75": [0, 307.03431, 0],
						"5.7917": [0, 334.37233, 0],
						"5.8333": [0, 362.31666, 0],
						"5.875": [0, 390.84133, 0],
						"5.9167": [0, 419.96056, 0],
						"5.9583": [0, 449.57842, 0],
						"6.0": [0, 479.70479, 0],
						"6.0417": [0, 510.30613, 0],
						"6.0833": [0, 541.33046, 0],
						"6.125": [0, 572.80843, 0],
						"6.1667": [0, 604.65184, 0],
						"6.2083": [0, 636.90357, 0],
						"6.25": [0, 669.48693, 0],
						"6.2917": [0, 702.42889, 0],
						"6.3333": [0, 735.67367, 0],
						"6.375": [0, 769.23809, 0],
						"6.4167": [0, 803.07399, 0],
						"6.4583": [0, 837.19888, 0],
						"6.5": [0, 871.5627, 0],
						"6.5417": [0, 906.19102, 0],
						"6.5833": [0, 941.02696, 0],
						"6.625": [0, 976.10462, 0],
						"6.6667": [0, 1011.3691, 0],
						"6.7083": [0, 1046.8387, 0],
						"6.75": [0, 1082.48407, 0],
						"6.7917": [0, 1118.29994, 0],
						"6.8333": [0, 1154.28155, 0],
						"6.875": [0, 1190.40158, 0],
						"6.9167": [0, 1226.67735, 0],
						"6.9583": [0, 1263.07209, 0],
						"7.0": [0, 1299.59251, 0],
						"7.0833": [0, 1372.95248, 0],
						"7.2917": [0, 1557.84986, 0],
						"7.7083": [0, 1930.52531, 0],
						"7.9167": [0, 2116.31891, 0],
						"8.0417": [0, 2227.04752, 0],
						"8.125": [0, 2300.40749, 0],
						"8.1667": [0, 2336.92791, 0],
						"8.2083": [0, 2373.32265, 0],
						"8.25": [0, 2409.59842, 0],
						"8.2917": [0, 2445.71845, 0],
						"8.3333": [0, 2481.70006, 0],
						"8.375": [0, 2517.51593, 0],
						"8.4167": [0, 2553.1613, 0],
						"8.4583": [0, 2588.6309, 0],
						"8.5": [0, 2623.89538, 0],
						"8.5417": [0, 2658.97304, 0],
						"8.5833": [0, 2693.80898, 0],
						"8.625": [0, 2728.4373, 0],
						"8.6667": [0, 2762.80112, 0],
						"8.7083": [0, 2796.92601, 0],
						"8.75": [0, 2830.76191, 0],
						"8.7917": [0, 2864.32633, 0],
						"8.8333": [0, 2897.57111, 0],
						"8.875": [0, 2930.51307, 0],
						"8.9167": [0, 2963.09643, 0],
						"8.9583": [0, 2995.34816, 0],
						"9.0": [0, 3027.19157, 0],
						"9.0417": [0, 3058.66954, 0],
						"9.0833": [0, 3089.69387, 0],
						"9.125": [0, 3120.29521, 0],
						"9.1667": [0, 3150.42158, 0],
						"9.2083": [0, 3180.03944, 0],
						"9.25": [0, 3209.15867, 0],
						"9.2917": [0, 3237.68334, 0],
						"9.3333": [0, 3265.62767, 0],
						"9.375": [0, 3292.96569, 0],
						"9.4167": [0, 3319.59778, 0],
						"9.4583": [0, 3345.5217, 0],
						"9.5": [0, 3370.70077, 0],
						"9.5417": [0, 3395.07984, 0],
						"9.5833": [0, 3418.54558, 0],
						"9.625": [0, 3441.08158, 0],
						"9.6667": [0, 3462.61796, 0],
						"9.7083": [0, 3483.07224, 0],
						"9.75": [0, 3502.35219, 0],
						"9.7917": [0, 3520.35442, 0],
						"9.8333": [0, 3536.96261, 0],
						"9.875": [0, 3552.04543, 0],
						"9.9167": [0, 3565.45413, 0],
						"9.9583": [0, 3577.01951, 0],
						"10.0": [0, 3586.54831, 0],
						"10.0417": [0, 3593.7432, 0],
						"10.0833": [0, 3598.30938, 0],
						"10.125": [0, "360 * 10", 0]
					},
					"position": {
						"5.25": {
							"pre": [0, 0, 0],
							"post": [0, 0, 0],
							"lerp_mode": "catmullrom"
						},
						"7.125": {
							"post": [0, "20 * math.clamp(q.entity_size,1,1.2)", 0],
							"lerp_mode": "catmullrom"
						},
						"10.3333": {
							"post": [0, "20 * math.clamp(q.entity_size,1,1.2)", 0],
							"lerp_mode": "catmullrom"
						},
						"10.625": {
							"post": [0, 0, 0],
							"lerp_mode": "catmullrom"
						},
						"10.7083": {
							"post": [0, "q.entity_size / 2", 0],
							"lerp_mode": "catmullrom"
						},
						"10.7917": {
							"post": [0, 0, 0],
							"lerp_mode": "catmullrom"
						}
					},
					"scale": {
						"4.9167": {
							"pre": [1, 1, 1],
							"post": [1, 1, 1],
							"lerp_mode": "catmullrom"
						},
						"5.5417": {
							"post": [0.75, 0.75, 0.75],
							"lerp_mode": "catmullrom"
						},
						"10.3333": {
							"post": [0.75, 0.75, 0.75],
							"lerp_mode": "catmullrom"
						},
						"10.4583": {
							"post": [1, 1, 1],
							"lerp_mode": "catmullrom"
						}
					}
				}
			},
			"sound_effects": {
				"0.0": {
					"effect": "evolution.evolving"
				}
			},
			"particle_effects": {
				"0.0": {
					"effect": "cobblemon:evo_particles",
					"locator": "middle"
				}
			}
		}
	}
}