{
	"format_version": "1.8.0",
	"animations": {
		"animation.evolution.evolution": {
			"animation_length": 12.0,
			"bones": {
				"root_part":  {
					"rotation": {
						"0.0": [0, 0, 0.01],
						"0.2083": [0, 16.19157, 0],
						"0.2917": [0, 23.23583, 0],
						"0.4167": [0, 34.32364, 0],
						"0.5": [0, 42.1413, 0],
						"0.625": [0, 54.48059, 0],
						"0.7083": [0, 63.09315, 0],
						"0.7917": [0, 72.10233, 0],
						"0.9167": [0, 86.2472, 0],
						"1.0": [0, 96.09961, 0],
						"1.0833": [0, 106.33856, 0],
						"1.1667": [0, 116.97229, 0],
						"1.2917": [0, 133.62121, 0],
						"1.375": [0, 145.1916, 0],
						"1.4583": [0, 157.16138, 0],
						"1.5417": [0, 169.53943, 0],
						"1.625": [0, 182.35462, 0],
						"1.7083": [0, 195.59459, 0],
						"1.7917": [0, 209.26533, 0],
						"1.875": [0, 223.37606, 0],
						"1.9583": [0, 237.93608, 0],
						"2.0417": [0, 252.9548, 0],
						"2.125": [0, 268.4417, 0],
						"2.2083": [0, 284.40634, 0],
						"2.2917": [0, 300.85836, 0],
						"2.375": [0, 317.8626, 0],
						"2.4583": [0, 335.29055, 0],
						"2.5417": [0, 353.29748, 0],
						"2.5833": [0, 362.51626, 0],
						"2.625": [0, 371.83659, 0],
						"2.6667": [0, 381.30352, 0],
						"2.7083": [0, 390.91783, 0],
						"2.75": [0, 400.63498, 0],
						"2.8333": [0, 420.52282, 0],
						"2.9167": [0, 441.03386, 0],
						"2.9583": [0, 451.51375, 0],
						"3.0": [0, 462.1248, 0],
						"3.0417": [0, 472.86289, 0],
						"3.125": [0, 494.82583, 0],
						"3.1667": [0, 506.08599, 0],
						"3.2083": [0, 517.4519, 0],
						"3.25": [0, 528.97586, 0],
						"3.3333": [0, 552.50884, 0],
						"3.375": [0, 564.56572, 0],
						"3.4167": [0, 576.74674, 0],
						"3.4583": [0, 589.07263, 0],
						"3.5": [0, 601.6289, 0],
						"3.5417": [0, 614.29586, 0],
						"3.5833": [0, 627.16458, 0],
						"3.625": [0, 640.22046, 0],
						"3.6667": [0, 653.39759, 0],
						"3.7083": [0, 666.81513, 0],
						"3.75": [0, 680.39457, 0],
						"3.7917": [0, 694.10578, 0],
						"3.8333": [0, 708.07756, 0],
						"3.875": [0, 722.20409, 0],
						"3.9167": [0, 736.47275, 0],
						"3.9583": [0, 751.00356, 0],
						"4.0": [0, 765.70004, 0],
						"4.0417": [0, 780.54882, 0],
						"4.0833": [0, 795.6427, 0],
						"4.125": [0, 810.93114, 0],
						"4.1667": [0, 826.38171, 0],
						"4.2083": [0, 842.04192, 0],
						"4.25": [0, 857.94318, 0],
						"4.2917": [0, 874.01596, 0],
						"4.3333": [0, 890.26456, 0],
						"4.375": [0, 906.77841, 0],
						"4.4167": [0, 923.49227, 0],
						"4.4583": [0, 940.39059, 0],
						"4.5": [0, 957.4774, 0],
						"4.5417": [0, 974.8468, 0],
						"4.5833": [0, 992.41108, 0],
						"4.625": [0, 1010.17142, 0],
						"4.6667": [0, 1028.1315, 0],
						"4.7083": [0, 1046.35453, 0],
						"4.75": [0, 1064.80132, 0],
						"4.7917": [0, 1083.45403, 0],
						"4.8333": [0, 1102.31583, 0],
						"4.875": [0, 1121.38974, 0],
						"4.9167": [0, 1140.74039, 0],
						"4.9583": [0, 1160.3081, 0],
						"5.0": [0, 1180.09185, 0],
						"5.0417": [0, 1200.09397, 0],
						"5.0833": [0, 1220.31654, 0],
						"5.125": [0, 1240.77194, 0],
						"5.1667": [0, 1261.48796, 0],
						"5.2083": [0, 1282.42551, 0],
						"5.25": [0, 1303.58578, 0],
						"5.2917": [0, 1324.96969, 0],
						"5.3333": [0, 1346.57787, 0],
						"5.375": [0, 1368.41066, 0],
						"5.4167": [0, 1390.46809, 0],
						"5.4583": [0, 1412.76104, 0],
						"5.5": [0, 1435.29164, 0],
						"5.5417": [0, 1458.04179, 0],
						"5.5833": [0, 1481.01026, 0],
						"5.625": [0, 1504.19542, 0],
						"5.6667": [0, 1527.59529, 0],
						"5.7083": [0, 1551.20748, 0],
						"5.75": [0, 1575.02922, 0],
						"5.7917": [0, 1599.0573, 0],
						"5.8333": [0, 1623.28809, 0],
						"5.875": [0, 1647.71754, 0],
						"5.9167": [0, 1672.34115, 0],
						"5.9583": [0, 1697.15398, 0],
						"6.0": [0, 1722.15062, 0],
						"6.0417": [0, 1747.32523, 0],
						"6.0833": [0, 1772.67149, 0],
						"6.125": [0, 1798.18262, 0],
						"6.1667": [0, 1823.85139, 0],
						"6.2083": [0, 1849.67011, 0],
						"6.25": [0, 1875.63062, 0],
						"6.2917": [0, 1901.72433, 0],
						"6.3333": [0, 1927.94221, 0],
						"6.375": [0, 1954.27476, 0],
						"6.8333": [0, 2248.39157, 0],
						"7.0": [0, 2355.38045, 0],
						"7.0833": [0, 2408.42545, 0],
						"7.125": [0, 2434.78089, 0],
						"7.1667": [0, 2461.00418, 0],
						"7.2083": [0, 2487.08613, 0],
						"7.25": [0, 2513.01327, 0],
						"7.2917": [0, 2538.77234, 0],
						"7.3333": [0, 2564.35024, 0],
						"7.375": [0, 2589.73416, 0],
						"7.4167": [0, 2614.91153, 0],
						"7.4583": [0, 2639.8701, 0],
						"7.5": [0, 2664.59146, 0],
						"7.5417": [0, 2689.05559, 0],
						"7.5833": [0, 2713.265, 0],
						"7.625": [0, 2737.20911, 0],
						"7.6667": [0, 2760.87776, 0],
						"7.7083": [0, 2784.26124, 0],
						"7.75": [0, 2807.35035, 0],
						"7.7917": [0, 2830.13634, 0],
						"7.8333": [0, 2852.61098, 0],
						"7.875": [0, 2874.76655, 0],
						"7.9167": [0, 2896.59585, 0],
						"7.9583": [0, 2918.09222, 0],
						"8.0": [0, 2939.2495, 0],
						"8.0417": [0, 2960.04935, 0],
						"8.0833": [0, 2980.49762, 0],
						"8.125": [0, 3000.59296, 0],
						"8.1667": [0, 3020.33155, 0],
						"8.2083": [0, 3039.71011, 0],
						"8.25": [0, 3058.72585, 0],
						"8.2917": [0, 3077.37653, 0],
						"8.3333": [0, 3095.66035, 0],
						"8.375": [0, 3113.57602, 0],
						"8.4167": [0, 3131.12273, 0],
						"8.4583": [0, 3148.30009, 0],
						"8.5": [0, 3165.10819, 0],
						"8.5417": [0, 3181.54753, 0],
						"8.5833": [0, 3197.619, 0],
						"8.625": [0, 3213.32391, 0],
						"8.6667": [0, 3228.66393, 0],
						"8.7083": [0, 3243.62843, 0],
						"8.75": [0, 3258.21893, 0],
						"8.7917": [0, 3272.44818, 0],
						"8.8333": [0, 3286.31913, 0],
						"8.875": [0, 3299.83502, 0],
						"8.9167": [0, 3312.99939, 0],
						"8.9583": [0, 3325.81601, 0],
						"9.0": [0, 3338.2889, 0],
						"9.0417": [0, 3350.4223, 0],
						"9.0833": [0, 3362.22067, 0],
						"9.125": [0, 3373.68862, 0],
						"9.1667": [0, 3384.78121, 0],
						"9.2083": [0, 3395.53988, 0],
						"9.25": [0, 3405.97934, 0],
						"9.2917": [0, 3416.10486, 0],
						"9.3333": [0, 3425.92181, 0],
						"9.375": [0, 3435.43567, 0],
						"9.4167": [0, 3444.62619, 0],
						"9.4583": [0, 3453.46779, 0],
						"9.5": [0, 3462.01972, 0],
						"9.5417": [0, 3470.28779, 0],
						"9.5833": [0, 3478.27784, 0],
						"9.625": [0, 3485.98359, 0],
						"9.6667": [0, 3493.33658, 0],
						"9.7083": [0, 3500.42604, 0],
						"9.75": [0, 3507.25795, 0],
						"9.7917": [0, 3513.83828, 0],
						"9.8333": [0, 3520.10132, 0],
						"9.875": [0, 3526.0827, 0],
						"9.9167": [0, 3531.82747, 0],
						"9.9583": [0, 3537.34155, 0],
						"10.0": [0, 3542.55414, 0],
						"10.0417": [0, 3547.49974, 0],
						"10.0833": [0, 3552.22969, 0],
						"10.125": [0, 3556.7498, 0],
						"10.1667": [0, 3560.94141, 0],
						"10.2083": [0, 3564.92392, 0],
						"10.25": [0, 3568.71145, 0],
						"10.2917": [0, 3572.23959, 0],
						"10.3333": [0, 3575.51131, 0],
						"10.375": [0, 3578.60271, 0],
						"10.4167": [0, 3581.48156, 0],
						"10.4583": [0, 3584.07885, 0],
						"10.5": [0, 3586.51022, 0],
						"10.5417": [0, 3588.75424, 0],
						"10.5833": [0, 3590.71298, 0],
						"10.625": [0, 3592.51982, 0],
						"10.6667": [0, 3594.14369, 0],
						"10.7083": [0, 3595.49909, 0],
						"10.75": [0, 3596.7162, 0],
						"10.7917": [0, 3597.73472, 0],
						"10.8333": [0, 3598.5212, 0],
						"10.875": [0, 3599.18249, 0],
						"10.9167": [0, 3599.61056, 0],
						"10.9583": [0, 3599.86156, 0],
						"11.0": [0, "360 * 10", 0]
					}
				}
			},
			"particle_effects": {
				"0.0": {
					"effect": "cobblemon:evo_particles",
					"locator": "middle"
				}
			}
		}
	}
}