{
	"format_version": "1.8.0",
	"animations": {
		"animation.magikarp.fly": {
			"loop": true,
			"animation_length": 10,
			"bones": {
				"tail": {
					"rotation": {
						"0.0": [0, 0, 0],
						"1.0": [0, 0, 90]
					}
				},
				"rightmustache": {
					"rotation": {
						"0.0": [0, 60, 0],
						"1.0": [0, 0, 0]
					}
				},
				"rightmustachetip": {
					"rotation": {
						"1.0": [0, 0, 0],
						"10.0": [0, 0, -18000]
					}
				},
				"leftmustache": {
					"rotation": {
						"0.0": [0, -60, 0],
						"1.0": [0, 0, 0]
					}
				},
				"leftmustachetip": {
					"rotation": {
						"1.0": [0, 0, 0],
						"10.0": [0, 0, 18000]
					}
				},
				"rightlfipper": {
					"rotation": {
						"0.0": [0, 0, 0],
						"1.0": [72.5, 12.5, -90]
					}
				},
				"leftlfipper": {
					"rotation": {
						"0.0": [0, 0, 0],
						"1.0": [72.5, -12.5, 90]
					}
				}
			}
		},
		"animation.magikarp.flop": {
			"loop": true,
			"animation_length": 1.54167,
			"bones": {
				"body": {
					"rotation": {
						"0.0": [0, 10, -90],
						"0.1667": [3.09472, 22.29711, -81.88997],
						"0.3333": [0, 32.5, -90],
						"0.5417": [0, 7.5, -90],
						"0.7917": [0, 0, -97.5],
						"1.0": [0.88045, -9.96156, -102.57673],
						"1.1667": [2.18493, -9.75912, -110.18987],
						"1.2917": [1.07151, -5.117, -97.45759],
						"1.5": [2.03323, 7.17415, -89.6683]
					},
					"position": {
						"0.0": [0, 0, 0],
						"0.1667": [0, 3, 0],
						"0.3333": [0, 5, 0],
						"0.5417": [0, 7, 0],
						"0.7917": [0, 4, 0],
						"1.0": [0, 2, 0],
						"1.1667": [0, 0, 0]
					}
				},
				"tail": {
					"rotation": {
						"0.0": [0, -12.5, 0],
						"0.1667": [0, -30, 0],
						"0.3333": [0, -42.5, 0],
						"0.5417": [0, -5, 0],
						"0.625": [0, 7.5, 0],
						"0.7917": [0, 17.5, 0],
						"1.0": [0, 32.5, 0],
						"1.1667": [0, 45, 0],
						"1.2917": [0, -7.5, 0],
						"1.5417": [0, -12.5, 0]
					}
				},
				"rightmustache": {
					"rotation": {
						"0.0": [0, 75, 0],
						"0.25": [0, 67.5, 0],
						"0.4583": [0, 62.5, 0],
						"0.5417": [0, 60, 0],
						"0.7083": [0, 62.5, 0],
						"0.8333": [0, 67.5, 0],
						"0.9583": [-6.35957, 72.47583, -1.44557],
						"1.125": [-10.96012, 79.89653, -6.17307]
					}
				},
				"rightmustachetip": {
					"rotation": {
						"0.0": [-360, 10, -360],
						"0.2083": [-360, -20, -360],
						"0.375": [-360, -15, -360],
						"0.4583": [-360, 0, -360],
						"0.5417": [-360, 2.5, -360],
						"0.5833": [-360, 7.5, -360],
						"0.8333": [-360, 12.5, -360],
						"0.9583": [-360, 10, -360],
						"1.125": [-360, 0, -360],
						"1.25": [-360, 2.5, -360]
					}
				},
				"leftmustache": {
					"rotation": {
						"0.0": [0, -57.5, 0],
						"0.125": [0, -67.5, 0],
						"0.375": [0, -75, 0],
						"0.5417": [0, -80, 0],
						"0.7083": [0, -67.5, 0],
						"0.7917": [0, -57.5, 0],
						"1.0": [0, -47.5, 0],
						"1.2083": [0, -55, 0],
						"1.2917": [0, -62.5, 0],
						"1.4583": [0, -70, 0]
					}
				},
				"leftmustachetip": {
					"rotation": {
						"0.0": [0, -10, 0],
						"0.125": [0, 2.5, 0],
						"0.2083": [0, -17.5, 0],
						"0.375": [-2.46841, -15.00235, -0.11286],
						"0.5417": [-2.40486, -7.50911, -0.43774],
						"0.625": [-2.40469, 7.47783, -1.06533],
						"0.6667": [-2.40472, 7.47783, -1.06533],
						"1.2083": [-2.39341, -5.0113, -0.543],
						"1.2917": [-2.53733, -19.99759, 0.11603],
						"1.4583": [-2.40472, 7.47783, -1.06533]
					}
				},
				"rightlfipper": {
					"rotation": {
						"0.0": [0, 2.5, 0],
						"0.5417": [0, 10, 0],
						"0.7917": [0, -5, 0],
						"1.0": [0, 0, 0],
						"1.1667": [0, 5, 0]
					}
				},
				"leftlfipper": {
					"rotation": {
						"0.0": [0, 17.5, 0],
						"0.3333": [0, -5, 0],
						"0.5417": [0, -12.5, 0],
						"0.7917": [0, 22.5, 0],
						"1.0": [0, 10, 0]
					}
				}
			}
		}
	}
}