{
	"format_version": "1.8.0",
	"animations": {
		"animation.poke_ball.open": {
			"animation_length": 0.5,
			"bones": {
				"base": {
					"rotation": {
						"0.0": [0, 0, 0],
						"0.0833": [-5, 0, 0],
						"0.1667": [50, 0, 0],
						"0.2083": [55, 0, 0],
						"0.4167": [35, 0, 0]
					}
				},
				"lid": {
					"rotation": {
						"0.0": [0, 0, 0],
						"0.0833": [5, 0, 0],
						"0.1667": [-100, 0, 0],
						"0.2083": [-105, 0, 0],
						"0.4167": [-70, 0, 0]
					}
				}
			}
		},
		"animation.poke_ball.open_idle": {
			"loop": true,
			"bones": {
				"base": {
					"rotation": [35, 0, 0]
				},
				"lid": {
					"rotation": [-70, 0, 0]
				}
			}
		},
		"animation.poke_ball.shut": {
			"animation_length": 0.5,
			"bones": {
				"base": {
					"rotation": {
						"0.0": [35, 0, 0],
						"0.0833": [40, 0, 0],
						"0.1667": [-5, 0, 0],
						"0.2083": [0, 0, 0]
					}
				},
				"lid": {
					"rotation": {
						"0.0": [-70, 0, 0],
						"0.0833": [-80, 0, 0],
						"0.1667": [2.5, 0, 0],
						"0.2083": [0, 0, 0]
					}
				}
			}
		},
		"animation.poke_ball.shut_idle": {
			"loop": true,
			"bones": {
				"base": {
					"rotation": [0, 0, 0]
				},
				"lid": {
					"rotation": [0, 0, 0]
				}
			}
		},
		"animation.poke_ball.bounce": {
			"animation_length": 1,
			"bones": {
				"base": {
					"rotation": {
						"0.0": [0, 0, 5],
						"0.0417": [0, 0, -2.5],
						"0.125": [0, 0, -5],
						"0.2083": [0, 0, -7.5],
						"0.2917": [0, 0, -10],
						"0.4583": [0, 0, -10],
						"0.5": [0, 0, 0],
						"0.5833": [0, 0, 5],
						"0.6667": [0, 0, 7.5],
						"0.75": [0, 0, 0],
						"0.7917": [0, 0, -2.5],
						"0.8333": [0, 0, 0]
					},
					"position": {
						"0.0": [0, -0.5, 0],
						"0.0417": [0, 1.5, 0],
						"0.125": [0, 3.75, 0],
						"0.2083": [0, 3, 0],
						"0.2917": [0, 2.75, 0],
						"0.375": [0, 1.19, 0],
						"0.4583": [0, -0.25, 0],
						"0.5833": [0, 1, 0],
						"0.6667": [0, 0.67, 0],
						"0.75": [0, 0, 0]
					}
				},
				"lid": {
					"rotation": [0, 0, 0],
					"position": {
						"0.0": [0, -0.25, 0],
						"0.0417": [0, -0.5, 0],
						"0.1667": [0, 0, 0]
					}
				}
			}
		},
		"animation.poke_ball.bob1": {
			"animation_length": 1,
			"bones": {
				"base": {
					"rotation": {
						"0.0": [2.46271, -0.86717, 4.92442],
						"0.0417": [15, 0, 0],
						"0.1667": [0, 0, -15],
						"0.2917": [-10, 0, 0],
						"0.375": [0, 0, 5],
						"0.5": [0, 0, 0]
					}
				}
			}
		},
		"animation.poke_ball.bob2": {
			"animation_length": 1,
			"bones": {
				"base": {
					"rotation": {
						"0.0": [2.46271, 0.86717, -4.92442],
						"0.0417": [15, 0, 0],
						"0.1667": [0, 0, 15],
						"0.2917": [-10, 0, 0],
						"0.375": [0, 0, -5],
						"0.5": [0, 0, 0]
					}
				}
			}
		},
		"animation.poke_ball.bob3": {
			"animation_length": 1,
			"bones": {
				"base": {
					"rotation": {
						"0.0": [0, 0, 0],
						"0.0417": [0, 0, 7.5],
						"0.1667": [0, 0, -12.5],
						"0.3333": [0, 0, 7.5],
						"0.4167": [0, 0, 0]
					},
					"position": {
						"0.0": [0, 0, 0],
						"0.0833": [-1, 0, 0],
						"0.125": [-1.5, 0, 0],
						"0.1667": [-1, 0, 0],
						"0.25": [1, 0, 0],
						"0.2917": [1.25, 0, 0],
						"0.375": [0, 0, 0]
					}
				}
			}
		},
		"animation.poke_ball.bob4": {
			"animation_length": 1,
			"bones": {
				"base": {
					"rotation": {
						"0.0": [0, 0, 0],
						"0.0417": [0, 0, -7.5],
						"0.1667": [0, 0, 12.5],
						"0.3333": [0, 0, -7.5],
						"0.4167": [0, 0, 0]
					},
					"position": {
						"0.0": [0, 0, 0],
						"0.0833": [1, 0, 0],
						"0.125": [1.5, 0, 0],
						"0.1667": [1, 0, 0],
						"0.25": [-1, 0, 0],
						"0.2917": [-1.25, 0, 0],
						"0.375": [0, 0, 0]
					}
				}
			}
		},
		"animation.poke_ball.bob5": {
			"animation_length": 1,
			"bones": {
				"base": {
					"rotation": {
						"0.0": [10, 0, 0],
						"0.0833": [-2.5, 0, 0],
						"0.1667": [-5, 0, 0],
						"0.25": [-7.5, 0, 0],
						"0.3333": [-15, 0, 0],
						"0.375": [0, 0, 0],
						"0.4583": [5, 0, 0],
						"0.5": [0, 0, 0]
					},
					"position": {
						"0.0": [0, -0.5, 0],
						"0.0833": [0, 4, 0],
						"0.1667": [0, 4.5, 0],
						"0.25": [0, 4, 0],
						"0.3333": [0, 1.75, 0],
						"0.375": [0, -0.5, 0]
					}
				}
			}
		},
		"animation.poke_ball.bob6": {
			"animation_length": 1,
			"bones": {
				"base": {
					"rotation": {
						"0.0": [0, 0, -10],
						"0.0833": [0, 0, -2.5],
						"0.1667": [0, 0, 10],
						"0.25": [0, 0, 15],
						"0.3333": [0, 0, 15],
						"0.375": [0, 0, 0],
						"0.4583": [0, 0, -7.5],
						"0.5417": [0, 0, 0]
					},
					"position": {
						"0.0": [0, -0.5, 0],
						"0.0833": [0, 4, 0],
						"0.1667": [0, 4.5, 0],
						"0.25": [0, 4, 0],
						"0.3333": [0, 1.75, 0],
						"0.375": [0, -0.5, 0]
					}
				}
			}
		},
		"animation.poke_ball.critical": {
			"animation_length": 1,
			"bones": {
				"base": {
					"position": {
						"0.0": [0, 0, 0],
						"0.0417": [0.5, 0, 0],
						"0.0833": [-0.5, 0, 0],
						"0.125": [0, 0, 0],
						"0.1667": [-0.75, 0, 0],
						"0.2083": [0.5, 0, 0],
						"0.25": [0, 0, 0]
					}
				}
			}
		},
		"animation.poke_ball.capture": {
			"animation_length": 0.5,
			"bones": {
				"base": {
					"rotation": {
						"0.0": [-2.5, 0, 0],
						"0.0417": [5, 0, 0],
						"0.0833": [0, 0, 0]
					},
					"position": [0, 0, 0]
				},
				"lid": {
					"rotation": {
						"0.0": [0, 0, 0],
						"0.0417": [2.5, 0, 0],
						"0.0833": [0, 0, 0]
					}
				}
			}
		},
		"animation.poke_ball.throw": {
			"loop": true,
			"bones": {
				"base": {
					"rotation": ["(q.anim_time - 0.38) * 720", 0, 0],
					"position": [0, "4 + Math.Sin((q.anim_time + 0.5) * 720) * 4", "Math.Sin((q.anim_time - 0.1275) * 720) * -4"]
				}
			}
		}
	}
}