{
	"format_version": "1.8.0",
	"animations": {
		"animation.krabby.ground_idle": {
			"loop": true,
			"bones": {
				"arm_right": {
					"rotation": [0, 0, -10.5]
				},
				"arm_right2": {
					"rotation": [0, -22.5, 112.5]
				},
				"claw_right": {
					"rotation": [22.5, 0, 0]
				},
				"arm_left": {
					"rotation": [0, 0, 10.5]
				},
				"arm_left2": {
					"rotation": [0, 22.5, -112.5]
				},
				"leg_right_back": {
					"rotation": [0, 15, 0]
				},
				"leg_left_back": {
					"rotation": [0, -15, 0]
				}
			}
		},
		"animation.krabby.ground_walk": {
			"loop": true,
			"animation_length": 0.5,
			"bones": {
				"head": {
					"rotation": [15, 0, 0]
				},
				"fang_left": {
					"rotation": [0, -12.5, 0]
				},
				"fang_right": {
					"rotation": [0, 12.5, 0]
				},
				"horn": {
					"rotation": [20, 0, 0]
				},
				"legfront_left": {
					"rotation": {
						"0.0": [-0.7522, -25.11578, -14.51565],
						"0.125": [0, 3.75, -14],
						"0.25": [0, 12.5, 0],
						"0.375": [0, -18.75, -3],
						"0.5": [-0.7522, -25.11578, -14.51565]
					}
				},
				"legfront_left2": {
					"rotation": [0, 0, 52]
				},
				"legmiddle_left2": {
					"rotation": [0, 0, 52]
				},
				"legmiddle_left": {
					"rotation": {
						"0.0": [-2.61435, 9.91358, -1.31845],
						"0.125": [12.66253, -10.09152, -3.9374],
						"0.25": [14.8968, -5.30767, -13.89137],
						"0.375": [2.2227, 4.83983, -14.50942],
						"0.5": [-2.61435, 9.91358, -1.31845]
					}
				},
				"legback_left": {
					"rotation": {
						"0.0": [-0.7522, -25.11578, -14.51565],
						"0.125": [0, 3.75, -14],
						"0.25": [0, 12.5, 0],
						"0.375": [0, -18.75, -3],
						"0.5": [-0.7522, -25.11578, -14.51565]
					}
				},
				"legback_left2": {
					"rotation": [0, 0, 52]
				},
				"legfront_right": {
					"rotation": {
						"0.0": [0, -12.5, 0],
						"0.125": [0, 18.75, 3],
						"0.25": [-0.7522, 25.11578, 14.51565],
						"0.375": [0, -3.75, 14],
						"0.5": [0, -12.5, 0]
					}
				},
				"legfront_right2": {
					"rotation": [0, 0, -52]
				},
				"legmiddle_right": {
					"rotation": {
						"0.0": [14.8968, 5.30767, 13.89137],
						"0.125": [2.2227, -4.83983, 14.50942],
						"0.25": [-2.61435, -9.91358, 1.31845],
						"0.375": [12.66253, 10.09152, 3.9374],
						"0.5": [14.8968, 5.30767, 13.89137]
					}
				},
				"legmiddle_right2": {
					"rotation": [0, 0, -52]
				},
				"legback_right": {
					"rotation": {
						"0.0": [0, -12.5, 0],
						"0.125": [0, 18.75, 3],
						"0.25": [-0.7522, 25.11578, 14.51565],
						"0.375": [0, -3.75, 14],
						"0.5": [0, -12.5, 0]
					}
				},
				"legback_right2": {
					"rotation": [0, 0, -52]
				},
				"torso_pattern_left": {
					"rotation": [0, 0, 0]
				},
				"torso_pattern_right": {
					"rotation": [0, 0, 0]
				},
				"torso": {
					"rotation": [5, 0, "Math.cos((query.anim_time) * 90 * 8) * -2"],
					"position": [0, "Math.cos((query.anim_time) * 90 * 8*2) * 0.2", 0]
				},
				"leftleg": {
					"rotation": {
						"0.0": [13.4365, 8.37866, 1.68569],
						"0.125": [3.21853, -4.24412, 1.98407],
						"0.25": [-0.83569, -10.21541, -18.83363],
						"0.375": [12.66253, 10.09152, 3.9374],
						"0.5": [13.4365, 8.37866, 1.68569]
					}
				},
				"leftleg2": {
					"rotation": {
						"0.0": [0, -12.5, 0],
						"0.125": [0, 18.75, -14.5],
						"0.25": [-8.72654, 23.65507, -4.64762],
						"0.375": [0.81275, -3.66099, -11.02598],
						"0.5": [0, -12.5, 0]
					}
				},
				"rightleg": {
					"rotation": {
						"0.0": [14.8968, 5.30767, 13.89137],
						"0.125": [2.2227, -4.83983, 14.50942],
						"0.25": [-2.61435, -9.91358, 1.31845],
						"0.375": [12.66253, 10.09152, 3.9374],
						"0.5": [14.8968, 5.30767, 13.89137]
					}
				},
				"rightleg2": {
					"rotation": {
						"0.0": [0, -12.5, 0],
						"0.125": [0, 18.75, 3],
						"0.25": [-0.7522, 25.11578, 14.51565],
						"0.375": [0, -3.75, 14],
						"0.5": [0, -12.5, 0]
					}
				},
				"leg_right_front": {
					"rotation": {
						"0.0": [14.8968, 5.30767, 13.89137],
						"0.125": [2.2227, -4.83983, 14.50942],
						"0.25": [-2.61435, -9.91358, 1.31845],
						"0.375": [12.66253, 10.09152, 3.9374],
						"0.5": [14.8968, 5.30767, 13.89137]
					}
				},
				"leg_right_back": {
					"rotation": {
						"0.0": [0, -12.5, 0],
						"0.125": [0, 18.75, 3],
						"0.25": [-0.7522, 25.11578, 14.51565],
						"0.375": [0, -3.75, 14],
						"0.5": [0, -12.5, 0]
					}
				},
				"leg_left_front": {
					"rotation": {
						"0.0": [-0.7522, -25.11578, -14.51565],
						"0.125": [0, 3.75, -14],
						"0.25": [0, 12.5, 0],
						"0.375": [0, -18.75, -3],
						"0.5": [-0.7522, -25.11578, -14.51565]
					}
				},
				"leg_left_back": {
					"rotation": {
						"0.0": [-2.61435, 9.91358, -1.31845],
						"0.125": [12.66253, -10.09152, -3.9374],
						"0.25": [14.8968, -5.30767, -13.89137],
						"0.375": [2.2227, 4.83983, -14.50942],
						"0.5": [-2.61435, 9.91358, -1.31845]
					}
				}
			}
		}
	}
}